{
    "mvp_qwen3vl32b": {
        "link": "",
        "description": "",
        "results": {
            "group": {
                "Dev": {
                    "icon": 0.5103448275862069,
                    "text": 0.9090909090909091,
                    "avg": 0.7157190635451505
                },
                "Creative": {
                    "icon": 0.44755244755244755,
                    "text": 0.8743718592964824,
                    "avg": 0.695906432748538
                },
                "CAD": {
                    "icon": 0.484375,
                    "text": 0.8324873096446701,
                    "avg": 0.7471264367816092
                },
                "Scientific": {
                    "icon": 0.45454545454545453,
                    "text": 0.8958333333333334,
                    "avg": 0.7047244094488189
                },
                "Office": {
                    "icon": 0.7547169811320755,
                    "text": 0.9152542372881356,
                    "avg": 0.8782608695652174
                },
                "OS": {
                    "icon": 0.5955056179775281,
                    "text": 0.8598130841121495,
                    "avg": 0.7397959183673469
                }
            },
            "application": {
                "solidworks": {
                    "icon": 0.5,
                    "text": 0.8253968253968254,
                    "avg": 0.7662337662337663
                },
                "pycharm": {
                    "icon": 0.47368421052631576,
                    "text": 0.875,
                    "avg": 0.6794871794871795
                },
                "macos_common": {
                    "icon": 0.5652173913043478,
                    "text": 0.8809523809523809,
                    "avg": 0.7692307692307693
                },
                "davinci": {
                    "icon": 0.43478260869565216,
                    "text": 0.9047619047619048,
                    "avg": 0.6590909090909091
                },
                "word": {
                    "icon": 0.8,
                    "text": 0.9710144927536232,
                    "avg": 0.9404761904761905
                },
                "vmware": {
                    "icon": 0.5555555555555556,
                    "text": 0.96875,
                    "avg": 0.8780487804878049
                },
                "excel": {
                    "icon": 0.6923076923076923,
                    "text": 0.8431372549019608,
                    "avg": 0.8125
                },
                "powerpoint": {
                    "icon": 0.76,
                    "text": 0.9122807017543859,
                    "avg": 0.8658536585365854
                },
                "unreal_engine": {
                    "icon": 0.5,
                    "text": 0.896551724137931,
                    "avg": 0.8285714285714286
                },
                "origin": {
                    "icon": 0.20930232558139536,
                    "text": 0.8421052631578947,
                    "avg": 0.4032258064516129
                },
                "vivado": {
                    "icon": 0.6875,
                    "text": 0.875,
                    "avg": 0.8
                },
                "stata": {
                    "icon": 0.3902439024390244,
                    "text": 1.0,
                    "avg": 0.4897959183673469
                },
                "inventor": {
                    "icon": 0.18181818181818182,
                    "text": 0.8813559322033898,
                    "avg": 0.7714285714285715
                },
                "matlab": {
                    "icon": 0.9473684210526315,
                    "text": 0.8648648648648649,
                    "avg": 0.8817204301075269
                },
                "android_studio": {
                    "icon": 0.5909090909090909,
                    "text": 0.9166666666666666,
                    "avg": 0.7375
                },
                "linux_common": {
                    "icon": 0.5789473684210527,
                    "text": 0.8064516129032258,
                    "avg": 0.72
                },
                "eviews": {
                    "icon": 1.0,
                    "text": 0.9534883720930233,
                    "avg": 0.96
                },
                "photoshop": {
                    "icon": 0.64,
                    "text": 0.9615384615384616,
                    "avg": 0.803921568627451
                },
                "vscode": {
                    "icon": 0.6363636363636364,
                    "text": 0.8484848484848485,
                    "avg": 0.7636363636363637
                },
                "autocad": {
                    "icon": 0.0,
                    "text": 0.6666666666666666,
                    "avg": 0.5294117647058824
                },
                "quartus": {
                    "icon": 0.34375,
                    "text": 1.0,
                    "avg": 0.5333333333333333
                },
                "illustrator": {
                    "icon": 0.42105263157894735,
                    "text": 1.0,
                    "avg": 0.6451612903225806
                },
                "blender": {
                    "icon": 0.6666666666666666,
                    "text": 0.8771929824561403,
                    "avg": 0.8333333333333334
                },
                "premiere": {
                    "icon": 0.3333333333333333,
                    "text": 0.75,
                    "avg": 0.5576923076923077
                },
                "windows_common": {
                    "icon": 0.6170212765957447,
                    "text": 0.8823529411764706,
                    "avg": 0.7283950617283951
                },
                "fruitloops": {
                    "icon": 0.2903225806451613,
                    "text": 0.8076923076923077,
                    "avg": 0.5263157894736842
                }
            },
            "overall": {
                "icon": 0.5165562913907285,
                "text": 0.8803680981595092,
                "avg": 0.7414664981036663
            }
        }
    }
}