{
    "mvp_qwen3vl8b": {
        "link": "",
        "description": "",
        "results": {
            "group": {
                "Dev": {
                    "icon": 0.3724137931034483,
                    "text": 0.8376623376623377,
                    "avg": 0.6120401337792643
                },
                "Creative": {
                    "icon": 0.36363636363636365,
                    "text": 0.7611940298507462,
                    "avg": 0.5959302325581395
                },
                "CAD": {
                    "icon": 0.34375,
                    "text": 0.7157360406091371,
                    "avg": 0.6245210727969349
                },
                "Scientific": {
                    "icon": 0.4,
                    "text": 0.8541666666666666,
                    "avg": 0.65748031496063
                },
                "Office": {
                    "icon": 0.5660377358490566,
                    "text": 0.903954802259887,
                    "avg": 0.8260869565217391
                },
                "OS": {
                    "icon": 0.43820224719101125,
                    "text": 0.7757009345794392,
                    "avg": 0.6224489795918368
                }
            },
            "application": {
                "solidworks": {
                    "icon": 0.42857142857142855,
                    "text": 0.6666666666666666,
                    "avg": 0.6233766233766234
                },
                "pycharm": {
                    "icon": 0.34210526315789475,
                    "text": 0.825,
                    "avg": 0.5897435897435898
                },
                "macos_common": {
                    "icon": 0.43478260869565216,
                    "text": 0.8809523809523809,
                    "avg": 0.7230769230769231
                },
                "davinci": {
                    "icon": 0.391304347826087,
                    "text": 0.9523809523809523,
                    "avg": 0.6590909090909091
                },
                "word": {
                    "icon": 0.6666666666666666,
                    "text": 0.9710144927536232,
                    "avg": 0.9166666666666666
                },
                "vmware": {
                    "icon": 0.3333333333333333,
                    "text": 0.9375,
                    "avg": 0.8048780487804879
                },
                "excel": {
                    "icon": 0.46153846153846156,
                    "text": 0.7843137254901961,
                    "avg": 0.71875
                },
                "powerpoint": {
                    "icon": 0.56,
                    "text": 0.9298245614035088,
                    "avg": 0.8170731707317073
                },
                "unreal_engine": {
                    "icon": 0.5,
                    "text": 0.8275862068965517,
                    "avg": 0.7714285714285715
                },
                "origin": {
                    "icon": 0.23255813953488372,
                    "text": 0.7368421052631579,
                    "avg": 0.3870967741935484
                },
                "vivado": {
                    "icon": 0.46875,
                    "text": 0.875,
                    "avg": 0.7125
                },
                "stata": {
                    "icon": 0.34146341463414637,
                    "text": 1.0,
                    "avg": 0.4489795918367347
                },
                "inventor": {
                    "icon": 0.09090909090909091,
                    "text": 0.6610169491525424,
                    "avg": 0.5714285714285714
                },
                "matlab": {
                    "icon": 0.7368421052631579,
                    "text": 0.8513513513513513,
                    "avg": 0.8279569892473119
                },
                "android_studio": {
                    "icon": 0.5,
                    "text": 0.8888888888888888,
                    "avg": 0.675
                },
                "linux_common": {
                    "icon": 0.5263157894736842,
                    "text": 0.7419354838709677,
                    "avg": 0.66
                },
                "eviews": {
                    "icon": 0.8571428571428571,
                    "text": 0.8837209302325582,
                    "avg": 0.88
                },
                "photoshop": {
                    "icon": 0.52,
                    "text": 0.8846153846153846,
                    "avg": 0.7058823529411765
                },
                "vscode": {
                    "icon": 0.2727272727272727,
                    "text": 0.6666666666666666,
                    "avg": 0.509090909090909
                },
                "autocad": {
                    "icon": 0.0,
                    "text": 0.6666666666666666,
                    "avg": 0.5294117647058824
                },
                "quartus": {
                    "icon": 0.3125,
                    "text": 0.9230769230769231,
                    "avg": 0.4888888888888889
                },
                "illustrator": {
                    "icon": 0.21052631578947367,
                    "text": 1.0,
                    "avg": 0.5161290322580645
                },
                "blender": {
                    "icon": 0.4666666666666667,
                    "text": 0.6440677966101694,
                    "avg": 0.6081081081081081
                },
                "premiere": {
                    "icon": 0.3333333333333333,
                    "text": 0.6071428571428571,
                    "avg": 0.4807692307692308
                },
                "windows_common": {
                    "icon": 0.40425531914893614,
                    "text": 0.6764705882352942,
                    "avg": 0.5185185185185185
                },
                "fruitloops": {
                    "icon": 0.25806451612903225,
                    "text": 0.7307692307692307,
                    "avg": 0.47368421052631576
                }
            },
            "overall": {
                "icon": 0.3990066225165563,
                "text": 0.8051020408163265,
                "avg": 0.6502525252525253
            }
        }
    }
}